"id","filename","upload_time","status","sent_at"
1,asdasdasd,2025-03-25 14:51:10.493,,
9,Динамическая модель загрузки инфраструктуры (20 03 2023).pdf,2025-04-07 11:07:49.264,SENT,
5,Динамическая модель загрузки инфраструктуры (20 03 2023).pdf,2025-04-01 15:00:32.048,SENT,
7,Динамическая модель загрузки инфраструктуры (20 03 2023).pdf,2025-04-01 15:09:51.715,SENT,
11,pdf-forma-dlya-zapolneniya (1).pdf,2025-04-08 14:36:06.506,SENT,
3,pdf-forma-dlya-zapolneniya (1).pdf,2025-03-25 16:50:05.171,SENT,
4,pdf-forma-dlya-zapolneniya (1).pdf,2025-04-01 09:36:43.379,SENT,
6,pdf-forma-dlya-zapolneniya (1).pdf,2025-04-01 15:00:32.062,SENT,
8,pdf-forma-dlya-zapolneniya (1).pdf,2025-04-01 15:09:51.731,SENT,
10,pdf-forma-dlya-zapolneniya (1).pdf,2025-04-07 11:07:49.283,SENT,
12,pdf-forma-dlya-zapolneniya (1).pdf,2025-04-17 09:19:09.291,UPLOADED,
13,Динамическая модель загрузки инфраструктуры (20 03 2023).pdf,2025-04-17 10:04:18.853,UPLOADED,
14,Динамическая модель загрузки инфраструктуры (20 03 2023).pdf,2025-04-17 14:34:32.402,UPLOADED,
15,pdf-forma-dlya-zapolneniya (1).pdf,2025-04-17 14:34:32.411,UPLOADED,
16,Динамическая модель загрузки инфраструктуры (20 03 2023).pdf,2025-04-17 14:35:11.941,UPLOADED,
17,pdf-forma-dlya-zapolneniya (1).pdf,2025-04-17 14:35:11.950,UPLOADED,
