"id","fullname","post","sl_code","main"
1,Донсков Александр Вячеславович,Заместитель начальника центра,d,true
2,не указан,Ответственный руководитель по Октябрьской дирекции тяги в соответствии с графиком ежесуточных дежурств.,t,true
3,не указан,"",dmv,true
4,не указан,Дежурный руководитель согласно графику дежурства,szdoss,true
5,Григорьев Виталий Витальевич,Первый заместитель начальника дирекции,dpo,true
6,Новиков Виталий Иванович,Первый заместитель начальника дирекции,dez,true
7,Троицкий Евгений Сергеевич,Главный инженер дирекции,nte,true
8,Колотов Павел Анатольевич,Заместитель начальника Дирекции аварийно-восстановительных средств,davs,true
9,Рязанцев Сергей Эдуардович,Заместитель начальника региональной дирекции,rdzv,true
10,Репников Дмитрий Юрьевич,Главный инженер дирекции,rdzv,false
11,Борисов Антон Игоревич,Главный инженер дирекции,dms,true
12,Котелевский Олег Александрович,Первый заместитель начальника дирекции,dm,true
13,Смирнов Олег Викторович,И.о.начальника центра,di,true
14,Кириллов Кирилл Игоревич,Начальник отдела диспетчерского управления центра,di,false
