"date_create","creator","id","event"
2025-03-17 00:00:00.000,any(creator),1,any(event)
2025-03-17 17:00:28.454,any(creator),2,any(event)
2025-03-17 17:00:38.621,any(creator),3,any(event)
2025-03-17 17:00:39.402,any(creator),4,any(event)
2025-03-17 17:00:40.160,any(creator),5,any(event)
2025-03-17 17:00:40.788,any(creator),6,any(event)
2025-03-17 17:00:41.406,any(creator),7,any(event)
2025-03-17 17:00:42.954,any(creator),8,any(event)
2025-03-18 08:35:41.141,ff,9,fff
2025-03-18 08:38:07.980,ff,10,fff
2025-03-18 08:39:26.234,zz,11,ddd
2025-03-18 08:42:55.872,zz,12,ddd
2025-03-18 09:15:52.184,ghyhy,13,uhuuu
2025-03-18 09:32:58.080,ghyhy,14,uhuuu
2025-03-18 09:40:36.581,ghyhy,15,uhuuu
2025-03-18 09:41:18.169,uhuuu,16,uhuuu
2025-03-18 09:41:29.319,ghyhy,17,uhuuu
2025-03-18 09:42:06.489,ghyhy,18,uhuuu
2025-03-18 09:42:38.937,ghyhy,19,uhuuu
2025-03-18 09:43:21.218,ghyhy,20,uhuuu
2025-03-18 09:43:22.733,ghyhy,21,uhuuu
2025-03-19 11:04:56.092,feodor2@email,22,| services/dms || [object File] |
2025-03-19 11:20:27.542,feodor2@email,23,""
2025-03-19 11:20:55.671,feodor2@email,24,services/dms |
2025-03-19 11:24:06.137,feodor2@email,25,services/dms |
2025-03-19 11:26:57.707,feodor2@email,26,services/dms |
2025-03-19 11:27:38.625,feodor2@email,27,services/dms |
2025-03-19 11:28:30.551,feodor2@email,28,services/dms |
2025-03-19 13:44:02.228,feodor2@email,29,services/dms |
2025-03-19 13:44:37.822,feodor2@email,30,services/dms |
2025-03-19 13:45:10.368,feodor2@email,31,services/dms |Динамическая модель загрузки инфраструктуры (20 03 2023).pdf | application/pdf |
2025-03-19 13:51:47.060,feodor2@email,32,Загрузка: services/dms |Динамическая модель загрузки инфраструктуры (20 03 2023).pdf | application/pdf |pdf-forma-dlya-zapolneniya (1).pdf | application/pdf |
2025-03-19 14:01:12.029,feodor2@email,33,Загрузка: services/dms |Динамическая модель загрузки инфраструктуры (20 03 2023).pdf | application/pdf |pdf-forma-dlya-zapolneniya (1).pdf | application/pdf |
2025-03-20 11:06:02.706,feodor2@email,34,Удаление файлов: 
2025-03-20 11:08:26.141,feodor2@email,35,Удаление файлов: services/dms
2025-03-25 15:39:12.245,di_SergeevaVV@orw.rzd,36,Загрузка: orders/cusi |Динамическая модель загрузки инфраструктуры (20 03 2023).pdf | application/pdf |pdf-forma-dlya-zapolneniya (1).pdf | application/pdf |
2025-03-25 15:40:39.775,di_SergeevaVV@orw.rzd,37,Загрузка: orders/cusi |Динамическая модель загрузки инфраструктуры (20 03 2023).pdf | application/pdf |pdf-forma-dlya-zapolneniya (1).pdf | application/pdf |
2025-03-25 15:41:56.372,di_SergeevaVV@orw.rzd,38,Загрузка: orders/cusi |Динамическая модель загрузки инфраструктуры (20 03 2023).pdf | application/pdf |pdf-forma-dlya-zapolneniya (1).pdf | application/pdf |
2025-03-25 15:49:23.866,di_SergeevaVV@orw.rzd,39,Загрузка: orders/cusi |Динамическая модель загрузки инфраструктуры (20 03 2023).pdf | application/pdf |pdf-forma-dlya-zapolneniya (1).pdf | application/pdf |
2025-03-25 15:52:21.090,di_SergeevaVV@orw.rzd,40,Загрузка: orders/cusi |Динамическая модель загрузки инфраструктуры (20 03 2023).pdf | application/pdf |pdf-forma-dlya-zapolneniya (1).pdf | application/pdf |
2025-03-25 15:56:57.505,di_SergeevaVV@orw.rzd,41,Загрузка: orders/cusi |Динамическая модель загрузки инфраструктуры (20 03 2023).pdf | application/pdf |pdf-forma-dlya-zapolneniya (1).pdf | application/pdf |
2025-03-25 15:57:13.644,di_SergeevaVV@orw.rzd,42,Загрузка: orders/cusi |Динамическая модель загрузки инфраструктуры (20 03 2023).pdf | application/pdf |pdf-forma-dlya-zapolneniya (1).pdf | application/pdf |
2025-03-25 16:30:06.860,di_SergeevaVV@orw.rzd,43,Загрузка: orders/cusi |Динамическая модель загрузки инфраструктуры (20 03 2023).pdf | application/pdf |pdf-forma-dlya-zapolneniya (1).pdf | application/pdf |
2025-03-25 16:35:42.869,di_SergeevaVV@orw.rzd,44,Загрузка: orders/cusi |Динамическая модель загрузки инфраструктуры (20 03 2023).pdf | application/pdf |pdf-forma-dlya-zapolneniya (1).pdf | application/pdf |
2025-03-25 16:43:27.155,di_SergeevaVV@orw.rzd,45,Загрузка: orders/cusi |Динамическая модель загрузки инфраструктуры (20 03 2023).pdf | application/pdf |pdf-forma-dlya-zapolneniya (1).pdf | application/pdf |
2025-03-25 16:44:08.276,di_SergeevaVV@orw.rzd,46,Загрузка: orders/cusi |Динамическая модель загрузки инфраструктуры (20 03 2023).pdf | application/pdf |pdf-forma-dlya-zapolneniya (1).pdf | application/pdf |
2025-03-25 16:44:51.681,di_SergeevaVV@orw.rzd,47,Загрузка: orders/cusi |Динамическая модель загрузки инфраструктуры (20 03 2023).pdf | application/pdf |
2025-03-25 16:45:56.540,di_SergeevaVV@orw.rzd,48,Загрузка: orders/cusi |Динамическая модель загрузки инфраструктуры (20 03 2023).pdf | application/pdf |
2025-03-25 16:48:20.839,di_SergeevaVV@orw.rzd,49,Загрузка: orders/cusi |Динамическая модель загрузки инфраструктуры (20 03 2023).pdf | application/pdf |
2025-03-25 16:50:05.141,di_SergeevaVV@orw.rzd,50,Загрузка: orders/cusi |pdf-forma-dlya-zapolneniya (1).pdf | application/pdf |
2025-04-01 09:36:43.345,di_SergeevaVV@orw.rzd,51,Загрузка: orders/cusi |pdf-forma-dlya-zapolneniya (1).pdf | application/pdf |
2025-04-01 15:00:32.013,di_SergeevaVV@orw.rzd,52,Загрузка: orders/cusi |Динамическая модель загрузки инфраструктуры (20 03 2023).pdf | application/pdf |pdf-forma-dlya-zapolneniya (1).pdf | application/pdf |
2025-04-01 15:09:51.650,di_SergeevaVV@orw.rzd,53,Загрузка: orders/cusi |Динамическая модель загрузки инфраструктуры (20 03 2023).pdf | application/pdf |pdf-forma-dlya-zapolneniya (1).pdf | application/pdf |
2025-04-07 11:07:49.227,di_SergeevaVV@orw.rzd,54,Загрузка: orders/cusi |Динамическая модель загрузки инфраструктуры (20 03 2023).pdf | application/pdf |pdf-forma-dlya-zapolneniya (1).pdf | application/pdf |
2025-04-09 14:36:06.479,di_SergeevaVV@orw.rzd,55,Загрузка: orders/cusi |pdf-forma-dlya-zapolneniya (1).pdf | application/pdf |
2025-04-17 09:12:29.814,di_SergeevaVV@orw.rzd,56,Загрузка: orders/cusi |Динамическая модель загрузки инфраструктуры (20 03 2023).pdf | application/pdf |
2025-04-17 09:12:29.929,null,57,Ошибка: Http failure during parsing for http://localhost:3000/test_upload.phpЗагрузка: orders/cusi |Динамическая модель загрузки инфраструктуры (20 03 2023).pdf | application/pdf |Загрузка: orders/cusi |
2025-04-17 09:13:05.305,di_SergeevaVV@orw.rzd,58,Загрузка: orders/cusi |pdf-forma-dlya-zapolneniya (1).pdf | application/pdf |
2025-04-17 09:13:05.349,null,59,Ошибка: Http failure during parsing for http://localhost:3000/test_upload.phpЗагрузка: orders/cusi |pdf-forma-dlya-zapolneniya (1).pdf | application/pdf |Загрузка: orders/cusi |
2025-04-17 09:16:53.557,di_SergeevaVV@orw.rzd,60,Загрузка: orders/cusi |pdf-forma-dlya-zapolneniya (1).pdf | application/pdf |
2025-04-17 09:16:53.635,null,61,Ошибка: Http failure during parsing for http://localhost:3000/test_upload.phpЗагрузка: orders/cusi |pdf-forma-dlya-zapolneniya (1).pdf | application/pdf |Загрузка: orders/cusi |
2025-04-17 09:18:14.974,di_SergeevaVV@orw.rzd,62,Загрузка: services/di |pdf-forma-dlya-zapolneniya (1).pdf | application/pdf |
2025-04-17 09:18:15.021,null,63,Ошибка: Http failure during parsing for http://localhost:3000/test_upload.phpЗагрузка: services/di |pdf-forma-dlya-zapolneniya (1).pdf | application/pdf |Загрузка: services/di |
2025-04-17 09:19:09.241,di_SergeevaVV@orw.rzd,64,Загрузка: orders/cusi |pdf-forma-dlya-zapolneniya (1).pdf | application/pdf |
2025-04-17 09:19:32.884,di_SergeevaVV@orw.rzd,65,Загрузка: services/di |Динамическая модель загрузки инфраструктуры (20 03 2023).pdf | application/pdf |
2025-04-17 09:24:12.226,di_SergeevaVV@orw.rzd,66,Загрузка: services/di |Динамическая модель загрузки инфраструктуры (20 03 2023).pdf | application/pdf |
2025-04-17 09:24:12.313,null,67,Ошибка: Http failure during parsing for http://localhost:3000/test_upload.phpЗагрузка: services/di |Динамическая модель загрузки инфраструктуры (20 03 2023).pdf | application/pdf |Загрузка: services/di |
2025-04-17 10:04:18.774,di_SergeevaVV@orw.rzd,68,Загрузка: orders/cusi |Динамическая модель загрузки инфраструктуры (20 03 2023).pdf | application/pdf |
2025-04-17 10:05:53.088,di_SergeevaVV@orw.rzd,69,Загрузка: services/di |pdf-forma-dlya-zapolneniya (1).pdf | application/pdf |
2025-04-17 11:07:12.892,szdss_LevichevAA@orw.rzd,70,Загрузка: services/szdoss |СЗДОСС_170425 11:06.xlsx | application/vnd.openxmlformats-officedocument.spreadsheetml.sheet |
2025-04-17 13:38:55.590,szdss_LevichevAA@orw.rzd,71,Загрузка: services/davs |Д_170425 11:06.xlsx | application/vnd.openxmlformats-officedocument.spreadsheetml.sheet |ДАВС_170425 11:06.xlsx | application/vnd.openxmlformats-officedocument.spreadsheetml.sheet |ДИ_170425 11:06.xlsx | application/vnd.openxmlformats-officedocument.spreadsheetml.sheet |ДМ_170425 11:06.xlsx | application/vnd.openxmlformats-officedocument.spreadsheetml.sheet |ДМС_170425 11:06.xlsx | application/vnd.openxmlformats-officedocument.spreadsheetml.sheet |ДПО_170425 11:06.xlsx | application/vnd.openxmlformats-officedocument.spreadsheetml.sheet |ДЭЗ_170425 11:06.xlsx | application/vnd.openxmlformats-officedocument.spreadsheetml.sheet |НТЭ_170425 11:06.xlsx | application/vnd.openxmlformats-officedocument.spreadsheetml.sheet |РДЖВ_170425 11:06.xlsx | application/vnd.openxmlformats-officedocument.spreadsheetml.sheet |СЗДОСС_170425 11:06.xlsx | application/vnd.openxmlformats-officedocument.spreadsheetml.sheet |
2025-04-17 13:40:27.651,szdss_LevichevAA@orw.rzd,72,Загрузка: services/davs |Д_170425 11:06.xlsx | application/vnd.openxmlformats-officedocument.spreadsheetml.sheet |ДАВС_170425 11:06.xlsx | application/vnd.openxmlformats-officedocument.spreadsheetml.sheet |ДИ_170425 11:06.xlsx | application/vnd.openxmlformats-officedocument.spreadsheetml.sheet |ДМ_170425 11:06.xlsx | application/vnd.openxmlformats-officedocument.spreadsheetml.sheet |ДМС_170425 11:06.xlsx | application/vnd.openxmlformats-officedocument.spreadsheetml.sheet |ДПО_170425 11:06.xlsx | application/vnd.openxmlformats-officedocument.spreadsheetml.sheet |ДЭЗ_170425 11:06.xlsx | application/vnd.openxmlformats-officedocument.spreadsheetml.sheet |НТЭ_170425 11:06.xlsx | application/vnd.openxmlformats-officedocument.spreadsheetml.sheet |РДЖВ_170425 11:06.xlsx | application/vnd.openxmlformats-officedocument.spreadsheetml.sheet |СЗДОСС_170425 11:06.xlsx | application/vnd.openxmlformats-officedocument.spreadsheetml.sheet |
2025-04-17 13:44:41.564,szdss_LevichevAA@orw.rzd,73,Загрузка: services/davs |Д_170425 11:06.xlsx | application/vnd.openxmlformats-officedocument.spreadsheetml.sheet |ДАВС_170425 11:06.xlsx | application/vnd.openxmlformats-officedocument.spreadsheetml.sheet |ДИ_170425 11:06.xlsx | application/vnd.openxmlformats-officedocument.spreadsheetml.sheet |ДМ_170425 11:06.xlsx | application/vnd.openxmlformats-officedocument.spreadsheetml.sheet |ДМС_170425 11:06.xlsx | application/vnd.openxmlformats-officedocument.spreadsheetml.sheet |ДПО_170425 11:06.xlsx | application/vnd.openxmlformats-officedocument.spreadsheetml.sheet |ДЭЗ_170425 11:06.xlsx | application/vnd.openxmlformats-officedocument.spreadsheetml.sheet |НТЭ_170425 11:06.xlsx | application/vnd.openxmlformats-officedocument.spreadsheetml.sheet |РДЖВ_170425 11:06.xlsx | application/vnd.openxmlformats-officedocument.spreadsheetml.sheet |СЗДОСС_170425 11:06.xlsx | application/vnd.openxmlformats-officedocument.spreadsheetml.sheet |
2025-04-17 13:45:09.206,szdss_LevichevAA@orw.rzd,74,Загрузка: services/davs |Д_170425 11:06.xlsx | application/vnd.openxmlformats-officedocument.spreadsheetml.sheet |ДАВС_170425 11:06.xlsx | application/vnd.openxmlformats-officedocument.spreadsheetml.sheet |ДИ_170425 11:06.xlsx | application/vnd.openxmlformats-officedocument.spreadsheetml.sheet |ДМ_170425 11:06.xlsx | application/vnd.openxmlformats-officedocument.spreadsheetml.sheet |ДМС_170425 11:06.xlsx | application/vnd.openxmlformats-officedocument.spreadsheetml.sheet |ДПО_170425 11:06.xlsx | application/vnd.openxmlformats-officedocument.spreadsheetml.sheet |ДЭЗ_170425 11:06.xlsx | application/vnd.openxmlformats-officedocument.spreadsheetml.sheet |НТЭ_170425 11:06.xlsx | application/vnd.openxmlformats-officedocument.spreadsheetml.sheet |РДЖВ_170425 11:06.xlsx | application/vnd.openxmlformats-officedocument.spreadsheetml.sheet |СЗДОСС_170425 11:06.xlsx | application/vnd.openxmlformats-officedocument.spreadsheetml.sheet |
2025-04-17 13:47:13.160,szdss_LevichevAA@orw.rzd,75,Загрузка: services/davs |Динамическая модель загрузки инфраструктуры (20 03 2023).pdf | application/pdf |pdf-forma-dlya-zapolneniya (1).pdf | application/pdf |
2025-04-17 13:51:59.280,szdss_LevichevAA@orw.rzd,76,Загрузка: services/davs |Динамическая модель загрузки инфраструктуры (20 03 2023).pdf | application/pdf |pdf-forma-dlya-zapolneniya (1).pdf | application/pdf |
2025-04-17 13:54:07.640,szdss_LevichevAA@orw.rzd,77,Загрузка: services/davs |Динамическая модель загрузки инфраструктуры (20 03 2023).pdf | application/pdf |pdf-forma-dlya-zapolneniya (1).pdf | application/pdf |
2025-04-17 13:54:19.451,szdss_LevichevAA@orw.rzd,78,Загрузка: services/davs |pdf-forma-dlya-zapolneniya (1).pdf | application/pdf |Динамическая модель загрузки инфраструктуры (20 03 2023).pdf | application/pdf |
2025-04-17 13:54:30.468,szdss_LevichevAA@orw.rzd,79,Загрузка: services/davs |pdf-forma-dlya-zapolneniya (1).pdf | application/pdf |Динамическая модель загрузки инфраструктуры (20 03 2023).pdf | application/pdf |
2025-04-17 14:34:03.230,di_SergeevaVV@orw.rzd,80,Загрузка: services/di |Динамическая модель загрузки инфраструктуры (20 03 2023).pdf | application/pdf |pdf-forma-dlya-zapolneniya (1).pdf | application/pdf |
2025-04-17 14:34:32.377,di_SergeevaVV@orw.rzd,81,Загрузка: orders/cusi |Динамическая модель загрузки инфраструктуры (20 03 2023).pdf | application/pdf |pdf-forma-dlya-zapolneniya (1).pdf | application/pdf |
2025-04-17 14:35:11.924,di_SergeevaVV@orw.rzd,82,Загрузка: orders/cusi |Динамическая модель загрузки инфраструктуры (20 03 2023).pdf | application/pdf |pdf-forma-dlya-zapolneniya (1).pdf | application/pdf |
2025-04-17 14:35:52.717,szdss_LevichevAA@orw.rzd,83,Загрузка: services/davs |Д_170425 11:06.xlsx | application/vnd.openxmlformats-officedocument.spreadsheetml.sheet |ДАВС_170425 11:06.xlsx | application/vnd.openxmlformats-officedocument.spreadsheetml.sheet |ДИ_170425 11:06.xlsx | application/vnd.openxmlformats-officedocument.spreadsheetml.sheet |ДМ_170425 11:06.xlsx | application/vnd.openxmlformats-officedocument.spreadsheetml.sheet |ДМС_170425 11:06.xlsx | application/vnd.openxmlformats-officedocument.spreadsheetml.sheet |ДПО_170425 11:06.xlsx | application/vnd.openxmlformats-officedocument.spreadsheetml.sheet |ДЭЗ_170425 11:06.xlsx | application/vnd.openxmlformats-officedocument.spreadsheetml.sheet |НТЭ_170425 11:06.xlsx | application/vnd.openxmlformats-officedocument.spreadsheetml.sheet |РДЖВ_170425 11:06.xlsx | application/vnd.openxmlformats-officedocument.spreadsheetml.sheet |СЗДОСС_170425 11:06.xlsx | application/vnd.openxmlformats-officedocument.spreadsheetml.sheet |
2025-04-17 14:37:49.753,szdss_LevichevAA@orw.rzd,84,Загрузка: services/davs |Динамическая модель загрузки инфраструктуры (20 03 2023).pdf | application/pdf |pdf-forma-dlya-zapolneniya (1).pdf | application/pdf |
2025-04-17 14:39:09.255,szdss_LevichevAA@orw.rzd,85,Загрузка: services/davs |pdf-forma-dlya-zapolneniya (1).pdf | application/pdf |
2025-04-17 14:41:41.688,szdss_LevichevAA@orw.rzd,86,Загрузка: services/davs |Динамическая модель загрузки инфраструктуры (20 03 2023).pdf | application/pdf |pdf-forma-dlya-zapolneniya (1).pdf | application/pdf |
2025-04-17 14:42:27.840,szdss_LevichevAA@orw.rzd,87,Загрузка: services/davs |Динамическая модель загрузки инфраструктуры (20 03 2023).pdf | application/pdf |pdf-forma-dlya-zapolneniya (1).pdf | application/pdf |
2025-04-17 14:43:15.231,szdss_LevichevAA@orw.rzd,88,Загрузка: services/davs |Динамическая модель загрузки инфраструктуры (20 03 2023).pdf | application/pdf |pdf-forma-dlya-zapolneniya (1).pdf | application/pdf |
2025-04-17 14:49:34.663,szdss_LevichevAA@orw.rzd,89,Загрузка: services/davs |Д_170425 11:06.xlsx | application/vnd.openxmlformats-officedocument.spreadsheetml.sheet |ДАВС_170425 11:06.xlsx | application/vnd.openxmlformats-officedocument.spreadsheetml.sheet |ДИ_170425 11:06.xlsx | application/vnd.openxmlformats-officedocument.spreadsheetml.sheet |ДМ_170425 11:06.xlsx | application/vnd.openxmlformats-officedocument.spreadsheetml.sheet |ДМС_170425 11:06.xlsx | application/vnd.openxmlformats-officedocument.spreadsheetml.sheet |ДПО_170425 11:06.xlsx | application/vnd.openxmlformats-officedocument.spreadsheetml.sheet |ДЭЗ_170425 11:06.xlsx | application/vnd.openxmlformats-officedocument.spreadsheetml.sheet |НТЭ_170425 11:06.xlsx | application/vnd.openxmlformats-officedocument.spreadsheetml.sheet |РДЖВ_170425 11:06.xlsx | application/vnd.openxmlformats-officedocument.spreadsheetml.sheet |СЗДОСС_170425 11:06.xlsx | application/vnd.openxmlformats-officedocument.spreadsheetml.sheet |
2025-04-17 14:50:04.092,szdss_LevichevAA@orw.rzd,90,Загрузка: services/davs |Динамическая модель загрузки инфраструктуры (20 03 2023).pdf | application/pdf |pdf-forma-dlya-zapolneniya (1).pdf | application/pdf |
2025-04-17 14:51:18.148,szdss_LevichevAA@orw.rzd,91,Загрузка: services/davs |Динамическая модель загрузки инфраструктуры (20 03 2023).pdf | application/pdf |pdf-forma-dlya-zapolneniya (1).pdf | application/pdf |Д_170425 11:06.xlsx | application/vnd.openxmlformats-officedocument.spreadsheetml.sheet |ДАВС_170425 11:06.xlsx | application/vnd.openxmlformats-officedocument.spreadsheetml.sheet |ДИ_170425 11:06.xlsx | application/vnd.openxmlformats-officedocument.spreadsheetml.sheet |ДМ_170425 11:06.xlsx | application/vnd.openxmlformats-officedocument.spreadsheetml.sheet |ДМС_170425 11:06.xlsx | application/vnd.openxmlformats-officedocument.spreadsheetml.sheet |ДПО_170425 11:06.xlsx | application/vnd.openxmlformats-officedocument.spreadsheetml.sheet |
2025-04-17 14:51:38.314,szdss_LevichevAA@orw.rzd,92,Загрузка: services/davs |Д_170425 11:06.xlsx | application/vnd.openxmlformats-officedocument.spreadsheetml.sheet |ДАВС_170425 11:06.xlsx | application/vnd.openxmlformats-officedocument.spreadsheetml.sheet |ДИ_170425 11:06.xlsx | application/vnd.openxmlformats-officedocument.spreadsheetml.sheet |ДМ_170425 11:06.xlsx | application/vnd.openxmlformats-officedocument.spreadsheetml.sheet |ДМС_170425 11:06.xlsx | application/vnd.openxmlformats-officedocument.spreadsheetml.sheet |ДПО_170425 11:06.xlsx | application/vnd.openxmlformats-officedocument.spreadsheetml.sheet |ДЭЗ_170425 11:06.xlsx | application/vnd.openxmlformats-officedocument.spreadsheetml.sheet |НТЭ_170425 11:06.xlsx | application/vnd.openxmlformats-officedocument.spreadsheetml.sheet |РДЖВ_170425 11:06.xlsx | application/vnd.openxmlformats-officedocument.spreadsheetml.sheet |СЗДОСС_170425 11:06.xlsx | application/vnd.openxmlformats-officedocument.spreadsheetml.sheet |Динамическая модель загрузки инфраструктуры (20 03 2023).pdf | application/pdf |
2025-04-17 15:09:09.817,szdss_LevichevAA@orw.rzd,93,Загрузка: services/davs |checklist_example.xlsx | application/vnd.openxmlformats-officedocument.spreadsheetml.sheet |
2025-05-19 09:44:33.125,di_SergeevaVV@orw.rzd,94,Загрузка: services/szdoss |Динамическая модель загрузки инфраструктуры (20 03 2023).pdf | application/pdf |
2025-05-19 09:44:52.306,di_SergeevaVV@orw.rzd,95,Загрузка: services/szdoss |Динамическая модель загрузки инфраструктуры (20 03 2023).pdf | application/pdf |
2025-05-19 09:45:28.659,di_SergeevaVV@orw.rzd,96,Загрузка: services/szdoss |Динамическая модель загрузки инфраструктуры (20 03 2023).pdf | application/pdf |
2025-05-19 09:46:50.552,di_SergeevaVV@orw.rzd,97,Загрузка: services/szdoss |pdf-forma-dlya-zapolneniya (1).pdf | application/pdf |Динамическая модель загрузки инфраструктуры (20 03 2023).pdf | application/pdf |
2025-05-19 09:47:52.130,di_SergeevaVV@orw.rzd,98,Удаление файлов: services/szdoss
