"id","fullname","job_title","email","phone","permissions"
23,Сергеева Виктория Ивановна,Дежурный по механизированной дистанции погрузочно-разгрузочных работ,mch4_SergeevaVI@orw.rzd,"55-421",
22,Кульков Вадим Владимирович,Начальник отдела,dmto_KulkovVV@orw.rzd,"58-513",
21,Агронская Ольга Николаевна,Оператор диспетчерской службы,rdzhv_AgronskayaON@orw.rzd,"24-747",
19,Телепко Полина Дмитриевна,Диспетчер,nte_TelepkoPD@orw.rzd,"21-412",
20,Шанбаев Мурат Абдимуратович,Инженер 1 категории,davs_ShanbaevMA@orw.rzd,"28-331",
18,Буданцев Сергей Владимирович,Диспетчер,nte_BudantsevSV@orw.rzd,"28-243",
17,Порошина Тамара Анатольевна,Диспетчер,nte_PoroshinaTA@orw.rzd,"28-243",
16,Кириллов Кирилл Игоревич,Начальник отдела,di_KirillovKI@orw.rzd,"21-679",
2,Белокопытов Антон Владимирович,Диспетчер по управлению перевозками (по направлениям),d_BelokopytovAV@orw.rzd,"28-673",
1,Федоров Валерий Павлович,Диспетчер по управлению перевозками (по направлениям),d_FedorovVP@orw.rzd,"24-614",
15,Единый Диспетчерский Центр ДЭЗ Окт.ж.д,"",dez_disp_centr@orw.rzd,"",
12,Левичев Андрей Анатольевич,Дежурный моторвагонного депо,szdss_LevichevAA@orw.rzd,"25-480",
9,Никонов Андрей Васильевич,Начальник отдела,dt_NikonovAV@orw.rzd,"21-467",
10,Евплов Владислав Владимирович,Заместитель начальника отдела,dmv_EvplovVV@orw.rzd,"36-768",
11,Шаповалов Василий Владимирович,Начальник отдела,dmv_ShapovalovVV@orw.rzd,"36-750",
13,Васильева Надежда Владиславовна,Оператор диспетчерской службы,dpo_VasilevaNV@orw.rzd,+7(812)457-65-65,
14,Джафаров Эльдар Хабибович,Инженер по организации эксплуатации и ремонту зданий и сооружений 1 категории,ngch3_DzhafarovEH@orw.rzd,+7(931)340-33-35,
8,Алешкина Надежда Борисовна,Диспетчер по управлению перевозками (по направлениям),d_AleshkinaNB@orw.rzd,"28-759",
7,Лотохин Максим Викторович,Диспетчер по управлению перевозками (по направлениям),d_LotohinMV@orw.rzd,"25-009",
5,Шуляк Лариса Михайловна,Диспетчер по управлению перевозками (по направлениям),d_ShulyakLM@orw.rzd,"29-011",
6,Брызгалов Александр Анатольевич,Диспетчер по управлению перевозками (по направлениям),d_BryzgalovAA@orw.rzd,"21-717",
3,Зимонин Дмитрий Алексеевич,Диспетчер по управлению перевозками (по направлениям),d_ZimoninDA@orw.rzd,"21-749",
4,Ольшевский Александр Владимирович,Диспетчер по управлению перевозками (по направлениям),d_OlshevskiyAV@orw.rzd,"28-758",
0,Тест,Тестер,test@mail.rzd,"00-000",
25,Макаров Евгений Георгиевич ,и.о. начальника Дирекции,davs_MakarovEG@orw.rzd,"77-777",
26,Колотов Павел Анатольевич ,заместитель начальника Дирекции,davs_KolotovPA@orw.rzd,"76-373",
27,Шильков Андрей Михайлович,и.о. главного инженера Дирекции,VP3023_Shilkov@orw.rzd,"51-033",
28,Разуванов Анатолий Алексеевич,"начальник отдела механизации, мониторинга и предупреждения ЧС",davs_RazuvanovAA@orw.rzd,"76-668",
29,Зиганшин Никита Максимович,"ведущий инженер отдела механизации, мониторинга и предупреждения ЧС",davs_ZiganshinNM@orw.rzd,"77-007",
30,Халип Александр Николаевич,начальник производственно-технического отдела ДАВС,DAVS_HalipAN@orw.rzd,"76-079",
31,Корепанов Сергей Владимирович,ведущий инженер производственно-технического отдела ДАВС,davs_KorepanovSV@orw.rzd,"77-851",
32,Сухогузов Валерий Николаевич,Начальник диспетчерского участка,ngch3_SuhoguzovVN@orw.rzd,"",
33,Пузырев Владимир Викторович,Дежурный моторвагонного депо,szdoss_PuzyrevVV@orw.rzd,"",
34,Скрипченко Владимир Анатольевич,Дежурный моторвагонного депо,szdoss_SkripchenkoVA@orw.rzd,"",
35,Сафонкин Станислав Александрович,Дежурный моторвагонного депо,szdss_SafonkinSA@orw.rzd,"",
36,Лебедев Алексей Сергеевич,Дежурный моторвагонного депо,szdoss_LebedevAS@orw.rzd,"",
24,Сергеева Виктория Валерьевна,Диспетчер (руководитель смены),di_SergeevaVV@orw.rzd,"24-417",2
