"id","code","naim","order_num","type_critical"
58,30,Выпадение в сутки и менее одной и более месячных улиматических норм осадков,22,1
59,31,"Опасное повышение уровней воды в реках, пересекающих  железнодорожное полотно",23,1
60,32,Наводнение,24,1
43,19,Измороcь,15,
35,11,Сильный ливневый дождь (сумма осадков 20-49 мм за 6 ч и менее),11,1
36,12,Очень сильный дождь (сумма осадков более 50 мм за 6 ч и менее),12,
41,17,Низкая т-ра воздуха -30С и ниже,14,
44,20,Высокая т-ра воздуха +25С и выше,16,1
45,21,Резкое потепление (повышение температуры воздуха на 15С за сутки в зимний период),17,
46,22,Продолжительная оттепель в зимний период,18,1
47,23,Переход среднесуточной температурывоздуха к отрицательным значениям,19,
48,24,Значительная метель (продолжительность от 3 ч до 12 ч при скорости ветра до 10-14 м/с.),20,
49,25,"Сильная метель (продолжительность 12 ч при скорости ветра 15 м/с и более)
",21,1
57,29,Ураган 30 м/с и более,3,1
25,1,Сильный ветер  12-19 м/с и более,1,
55,2,Очень сильный ветер 20-29 м/с и более,2,
39,15,"Гроза, град",13,1
27,3,"Умеренный снег или мокрый снег (прирост снега 3-7 см, 5-9 см за сутки)",4,
28,4,"Значительный снег или мокрый снег (прирост снега 7-14 см, 10-19 см за сутки)",5,
29,5,Сильный снег или мокрый снег (прирост снега более 15 см за сутки),6,1
30,6,"Умеренная метель (продолжительность менее 3 ч при скорости ветра до 10 м/с.)
",7,
31,7,"Переохлажденный дождь, переохлажденная морось, гололед",8,1
32,8,Продолжительный умеренный дождь (сумма осадков 10-19 мм за 12 ч в течение 2 суток),9,
34,10,Сильный дождь (сумма 20-49 мм за 12 ч),10,
