"sl_code","param_code","region","places","action_date_begin","action_date_end","check_date","status","id","check_person"
5,3,6,Волховстроевский регион,2025-03-03 00:00:00.000,2025-03-03 12:00:00.000,,false,46,
21,3,6,Волховстроевский регион,2025-03-03 00:00:00.000,2025-03-03 12:00:00.000,,false,47,
9,1,6,Жихарево-Волховстрой / Волховстрой-Лодейное Поле / Волховстрой-Тихвин / Лодейное Поле-Ляскеля,2025-03-02 19:00:00.000,2025-03-03 09:00:00.000,,false,49,
12,1,6,Лодейное Поле-Ляскеля / Волховстрой-Тихвин / Волховстрой-Лодейное Поле / Жихарево-Волховстрой,2025-03-02 19:00:00.000,2025-03-03 09:00:00.000,,false,51,
5,1,6,Жихарево-Волховстрой / Лодейное Поле-Ляскеля / Волховстрой-Лодейное Поле / Волховстрой-Тихвин,2025-03-02 19:00:00.000,2025-03-03 09:00:00.000,,false,52,
21,1,6,Волховстрой-Лодейное Поле / Лодейное Поле-Ляскеля / Жихарево-Волховстрой / Волховстрой-Тихвин,2025-03-02 19:00:00.000,2025-03-03 09:00:00.000,,false,53,
19,1,6,Жихарево-Волховстрой / Волховстрой-Тихвин / Волховстрой-Лодейное Поле / Лодейное Поле-Ляскеля,2025-03-02 19:00:00.000,2025-03-03 09:00:00.000,,false,56,
11,3,6,Волховстроевский регион,2025-03-03 00:00:00.000,2025-03-03 12:00:00.000,,false,58,
21,1,4,Вяртсиля-Янисъярви / Элинсенваара-Маткаселька / Суоярви-Суккозеро / Янисъярви-Суоярви / Суоярви-Томицы,2025-03-02 18:00:00.000,2025-03-03 09:00:00.000,,false,59,
19,1,4,Суоярви-Суккозеро / Янисъярви-Суоярви / Элинсенваара-Маткаселька / Вяртсиля-Янисъярви / Суоярви-Томицы,2025-03-02 18:00:00.000,2025-03-03 09:00:00.000,,false,62,
11,3,4,Петрозаводский регион,2025-03-02 21:00:00.000,2025-03-03 09:00:00.000,,false,64,
21,3,4,Петрозаводский регион,2025-03-02 21:00:00.000,2025-03-03 09:00:00.000,,false,67,
12,1,3,Санкт-Петербургский регион,2025-03-03 00:00:00.000,2025-03-03 18:00:00.000,,false,69,
5,1,3,Санкт-Петербургский регион,2025-03-03 00:00:00.000,2025-03-03 18:00:00.000,,false,70,
21,1,3,Санкт-Петербургский регион,2025-03-03 00:00:00.000,2025-03-03 18:00:00.000,,false,71,
19,1,3,Санкт-Петербургский регион,2025-03-03 00:00:00.000,2025-03-03 18:00:00.000,,false,74,
15,3,6,Волховстроевский регион,2025-03-03 00:00:00.000,2025-03-03 12:00:00.000,2025-04-01 09:36:34.031,true,45,di_SergeevaVV@orw.rzd
22,1,6,Лодейное Поле-Ляскеля / Волховстрой-Тихвин / Волховстрой-Лодейное Поле / Жихарево-Волховстрой,2025-03-02 19:00:00.000,2025-03-03 09:00:00.000,2025-03-17 16:30:15.852,true,54,
22,3,6,Волховстроевский регион,2025-03-03 00:00:00.000,2025-03-03 12:00:00.000,2025-03-17 16:30:15.852,true,48,
22,3,4,Петрозаводский регион,2025-03-02 21:00:00.000,2025-03-03 09:00:00.000,2025-03-18 09:04:07.634,false,68,
23,1,6,Жихарево-Волховстрой / Лодейное Поле-Ляскеля / Волховстрой-Лодейное Поле / Волховстрой-Тихвин,2025-03-02 19:00:00.000,2025-03-03 09:00:00.000,2025-03-20 11:34:38.774,true,55,
5,3,4,Петрозаводский регион,2025-03-02 21:00:00.000,2025-03-03 09:00:00.000,2025-03-20 13:40:29.477,true,66,feodor@email
22,1,3,Санкт-Петербургский регион,2025-03-03 00:00:00.000,2025-03-03 18:00:00.000,2025-03-20 13:40:29.477,true,72,feodor@email
23,1,4,Суоярви-Суккозеро / Суоярви-Томицы / Янисъярви-Суоярви / Элинсенваара-Маткаселька / Вяртсиля-Янисъярви,2025-03-02 18:00:00.000,2025-03-03 09:00:00.000,2025-03-20 13:41:21.231,true,61,feodor2@email
23,1,3,Санкт-Петербургский регион,2025-03-03 00:00:00.000,2025-03-03 18:00:00.000,2025-03-20 13:41:21.231,true,73,feodor2@email
13,1,6,Волховстрой-Лодейное Поле / Волховстрой-Тихвин / Жихарево-Волховстрой / Лодейное Поле-Ляскеля,2025-03-02 19:00:00.000,2025-03-03 09:00:00.000,2025-03-20 14:11:41.655,true,50,szdss_LevichevAA@orw.rzd
15,3,4,Петрозаводский регион,2025-03-02 21:00:00.000,2025-03-03 09:00:00.000,2025-04-09 14:35:59.216,true,65,di_SergeevaVV@orw.rzd
22,1,4,Суоярви-Томицы / Элинсенваара-Маткаселька / Янисъярви-Суоярви / Суоярви-Суккозеро / Вяртсиля-Янисъярви,2025-03-02 18:00:00.000,2025-03-03 09:00:00.000,2025-03-17 16:30:09.410,false,60,
13,3,6,Волховстроевский регион,2025-03-03 00:00:00.000,2025-03-03 12:00:00.000,2025-03-20 14:11:41.655,true,57,szdss_LevichevAA@orw.rzd
13,3,4,Петрозаводский регион,2025-03-02 21:00:00.000,2025-03-03 09:00:00.000,2025-03-20 14:11:41.655,true,63,szdss_LevichevAA@orw.rzd
9,1,4,Суоярви-Томицы / Янисъярви-Суоярви / Элинсенваара-Маткаселька / Вяртсиля-Янисъярви / Суоярви-Суккозеро,2025-03-02 18:00:00.000,2025-03-03 09:00:00.000,,false,75,
13,1,4,Вяртсиля-Янисъярви / Суоярви-Суккозеро / Суоярви-Томицы / Янисъярви-Суоярви / Элинсенваара-Маткаселька,2025-03-02 18:00:00.000,2025-03-03 09:00:00.000,,false,76,
12,1,4,Вяртсиля-Янисъярви / Элинсенваара-Маткаселька / Янисъярви-Суоярви / Суоярви-Суккозеро / Суоярви-Томицы,2025-03-02 18:00:00.000,2025-03-03 09:00:00.000,,false,77,
5,1,4,"Суоярви-Суккозеро / Янисъярви-Суоярви / Элинсенваара-Маткаселька / Суоярви-Томицы / 
Вяртсиля-Янисъярви",2025-03-02 18:00:00.000,2025-03-03 09:00:00.000,,false,78,
9,1,2,Санкт-Петербург-Лебяжье / Санкт-Петербург-Батецкая / Санкт-Петербург-Луга / Волосово-Ивангород / Санкт-Петербург-Волосово / Веймарн-Гдов / Усть Луга-Веймарн / Котлы-Усть Луга / Лебяжье-Котлы / Лебяжье-Краснофлотск,2025-03-02 19:00:00.000,2025-03-03 18:00:00.000,,false,79,
12,1,2,Санкт-Петербург-Луга / Волосово-Ивангород / Санкт-Петербург-Батецкая / Санкт-Петербург-Волосово / Веймарн-Гдов / Усть Луга-Веймарн / Котлы-Усть Луга / Лебяжье-Котлы / Лебяжье-Краснофлотск / Санкт-Петербург-Лебяжье,2025-03-02 19:00:00.000,2025-03-03 18:00:00.000,,false,81,
5,1,2,Усть Луга-Веймарн / Лебяжье-Котлы / Лебяжье-Краснофлотск / Санкт-Петербург-Батецкая / Санкт-Петербург-Луга / Волосово-Ивангород / Санкт-Петербург-Лебяжье / Санкт-Петербург-Волосово / Веймарн-Гдов / Котлы-Усть Луга,2025-03-02 19:00:00.000,2025-03-03 18:00:00.000,,false,82,
21,1,2,Санкт-Петербург-Волосово / Лебяжье-Краснофлотск / Лебяжье-Котлы / Котлы-Усть Луга / Усть Луга-Веймарн / Санкт-Петербург-Лебяжье / Веймарн-Гдов / Санкт-Петербург-Батецкая / Санкт-Петербург-Луга / Волосово-Ивангород,2025-03-02 19:00:00.000,2025-03-03 18:00:00.000,,false,83,
19,1,2,Санкт-Петербург-Волосово / Санкт-Петербург-Лебяжье / Лебяжье-Краснофлотск / Лебяжье-Котлы / Котлы-Усть Луга / Усть Луга-Веймарн / Веймарн-Гдов / Волосово-Ивангород / Санкт-Петербург-Луга / Санкт-Петербург-Батецкая,2025-03-02 19:00:00.000,2025-03-03 18:00:00.000,,false,86,
9,1,3,Санкт-Петербургский регион,2025-03-03 00:00:00.000,2025-03-03 18:00:00.000,,false,87,
13,1,3,Санкт-Петербургский регион,2025-03-03 00:00:00.000,2025-03-03 18:00:00.000,,false,88,
23,1,2,Котлы-Усть Луга / Усть Луга-Веймарн / Веймарн-Гдов / Санкт-Петербург-Волосово / Санкт-Петербург-Лебяжье / Санкт-Петербург-Батецкая / Лебяжье-Краснофлотск / Лебяжье-Котлы / Волосово-Ивангород / Санкт-Петербург-Луга,2025-03-02 19:00:00.000,2025-03-03 18:00:00.000,2025-03-20 13:41:21.231,true,85,feodor2@email
13,1,2,Волосово-Ивангород / Санкт-Петербург-Батецкая / Санкт-Петербург-Луга / Санкт-Петербург-Волосово / Санкт-Петербург-Лебяжье / Лебяжье-Краснофлотск / Лебяжье-Котлы / Котлы-Усть Луга / Усть Луга-Веймарн / Веймарн-Гдов,2025-03-02 19:00:00.000,2025-03-03 18:00:00.000,2025-03-20 14:11:41.655,true,80,szdss_LevichevAA@orw.rzd
22,1,2,Санкт-Петербург-Лебяжье / Санкт-Петербург-Батецкая / Санкт-Петербург-Луга / Волосово-Ивангород / Санкт-Петербург-Волосово / Веймарн-Гдов / Усть Луга-Веймарн / Котлы-Усть Луга / Лебяжье-Котлы / Лебяжье-Краснофлотск,2025-03-02 19:00:00.000,2025-03-03 18:00:00.000,2025-03-18 09:04:07.634,false,84,
12,1,5,Оленегорск-Мончегорск / Ваенга-Кола / Никель-Кола / Луостари-Печенга / Кола-Магнетиты / Магнетиты-Оленегорск,2025-03-19 18:00:00.000,2025-04-30 20:00:00.000,2025-03-20 09:22:40.205,true,810,dez_disp_centr@orw.rzd
5,1,5,Никель-Кола / Ваенга-Кола / Оленегорск-Мончегорск / Магнетиты-Оленегорск / Кола-Магнетиты / Луостари-Печенга,2025-03-19 18:00:00.000,2025-03-30 20:00:00.000,2025-03-20 09:22:40.205,true,811,nte_BudantsevSV@orw.rzd
9,1,5,Оленегорск-Мончегорск / Ваенга-Кола / Никель-Кола / Луостари-Печенга / Кола-Магнетиты / Магнетиты-Оленегорск,2025-03-19 18:00:00.000,2025-04-30 20:00:00.000,,false,808,""
13,1,5,Ваенга-Кола / Оленегорск-Мончегорск / Магнетиты-Оленегорск / Кола-Магнетиты / Луостари-Печенга / Никель-Кола,2025-03-19 18:00:00.000,2025-04-30 20:00:00.000,,false,809,""
21,1,5,Оленегорск-Мончегорск / Магнетиты-Оленегорск / Кола-Магнетиты / Луостари-Печенга / Никель-Кола / Ваенга-Кола,2025-03-19 18:00:00.000,2025-04-30 20:00:00.000,,false,812,""
22,1,5,Оленегорск-Мончегорск / Ваенга-Кола / Никель-Кола / Луостари-Печенга / Кола-Магнетиты / Магнетиты-Оленегорск,2025-03-19 18:00:00.000,2025-04-30 20:00:00.000,,false,813,""
23,1,5,Ваенга-Кола / Никель-Кола / Луостари-Печенга / Кола-Магнетиты / Магнетиты-Оленегорск / Оленегорск-Мончегорск,2025-03-19 18:00:00.000,2025-04-30 20:00:00.000,,false,814,""
19,1,5,Оленегорск-Мончегорск / Кола-Магнетиты / Луостари-Печенга / Никель-Кола / Ваенга-Кола / Магнетиты-Оленегорск,2025-03-19 18:00:00.000,2025-04-30 20:00:00.000,,false,815,""
